code,bench_name,current_name,lat,lon,id_trazado,tipo_esta,num_vag,area_est,long_est,ancho_est,num_acc,acc_puent,esta_oper,match_status,in_benchmark_147
02000,Cabecera Autopista Norte,Portal Norte – Unicervantes,4.75462286,-74.04604465000001,TZ002,1,1,0.0,365.66,0.0,1,1,1,geojson,True
02001,Centro Comercial Santa Fe,Calle 187,4.76333655,-74.0444437,TZ002,4,1,122.7,40.9,3.0,1,1,1,geojson,True
02101,Toberín,Toberin - Foundever,4.74618498,-74.04725485,TZ002,4,5,1206.0,335.0,3.6,1,1,1,geojson,True
02102,Calle 161,Calle 161,4.7419153,-74.04800035,TZ002,4,4,517.86,172.62,3.0,1,1,1,geojson,True
02103,Mazurén,Mazurén,4.73458855,-74.04922624,TZ002,4,5,552.416,172.63,3.2,1,1,1,geojson,True
02104,Calle 146,Calle 146,4.73089106,-74.04981123,TZ002,4,3,345.2,86.3,4.0,1,1,1,geojson,True
02105,Calle 142,Calle 142,4.72685009,-74.05050333,TZ002,4,4,663.27,221.09,3.0,1,1,1,geojson,True
02200,Alcalá,Alcalá – Colegio S. Tomás Dominicos,4.7211582,-74.05145916000001,TZ002,4,3,820.76,205.19,4.0,2,2,1,geojson,True
02201,Prado,Prado,4.71455843,-74.05255829,TZ002,4,3,592.0,148.0,4.0,1,1,1,geojson,True
02202,Calle 127,Calle 127,4.70463964,-74.05422516,TZ002,4,2,418.28,104.57,4.0,1,1,1,geojson,True
02204,Pepe Sierra,Pepe Sierra Universidad UTEL,4.69812689,-74.0553088,TZ002,4,2,418.48,104.62,4.0,1,1,1,geojson,True
02205,Calle 106,Calle 106 - Maletas Explora,4.6929826,-74.05618243,TZ002,4,4,627.42,209.14,3.0,1,1,1,geojson,True
02300,Calle 100,Calle 100 - Marketmedios,4.68394944,-74.0577123,TZ002,4,3,814.44,203.61,4.0,2,2,1,geojson,True
02302,Virrey,Virrey,4.67599737,-74.05901952,TZ002,4,3,773.12,193.28,4.0,1,1,1,geojson,True
02303,Calle 85,Calle 85,4.67231279,-74.05964363,TZ002,4,4,865.68,216.42,4.0,1,1,1,geojson,True
02304,Heroes,Héroes - Colmena Seguros,4.66813603,-74.06030995,TZ002,4,3,669.6,167.4,4.0,1,1,1,geojson,True
02502,Terminal,Terminal,4.76881876,-74.04357255,TZ002,4,1,146.37,48.79,3.0,1,1,1,geojson,True
03000,Portal Suba,Portal Suba,4.74681507,-74.0942789,TZ003,1,1,0.0,526.68,0.0,1,0,1,geojson,True
03001,LA CAMPIÑA,La Campiña,4.74265433,-74.09120046,TZ003,4,3,357.24,89.31,4.0,1,0,1,geojson,True
03002,SUBA - TV- 91,Suba - TV. 91,4.73893679,-74.08699228,TZ003,4,4,1095.56,273.89,4.0,2,1,1,geojson,True
03003,21 ANGELES,21 Ángeles,4.73550811,-74.08098652,TZ003,4,2,376.6,94.15,4.0,1,1,1,geojson,True
03004,GRATAMIRA,Gratamira,4.72745584,-74.07472334,TZ003,4,2,357.4,89.35,4.0,1,1,1,geojson,True
03005,SUBA - AV. BOYACA,Suba - AV. Boyacá,4.72126716,-74.07471163000001,TZ003,4,2,707.0,176.75,4.0,2,0,1,geojson,True
03006,NIZA - CALLE 127,Niza - Calle 127,4.71200123,-74.0723072,TZ003,4,2,374.24,93.56,4.0,2,0,1,geojson,True
03007,HUMEDAL CORDOBA,Humedal Córdoba,4.70668982,-74.07117427,TZ003,4,2,357.6,89.4,4.0,1,0,1,geojson,True
03009,Av. Suba- Calle 116,Suba - Calle 116,4.69924111,-74.06984394,TZ003,4,2,386.4,96.6,4.0,1,0,1,geojson,True
03010,PUENTE LARGO,Puentelargo,4.69340077,-74.06720874,TZ003,4,2,357.44,89.36,4.0,1,0,1,geojson,True
03011,SUBA - CALLE 100,Suba - Calle 100,4.68696834,-74.06444284000001,TZ003,4,2,357.56,89.39,4.0,1,0,1,geojson,True
03012,SUBA - CALLE 95,Suba - Calle 95,4.68469464,-74.06321827,TZ003,4,2,358.28,89.57,4.0,1,0,1,geojson,True
03013,RIO NEGRO,Rionegro,4.68035106,-74.06481662,TZ003,4,2,356.84,89.21,4.0,1,0,1,geojson,True
03014,SAN MARTIN,San Martín,4.67638966,-74.06717674,TZ003,4,2,357.48,89.37,4.0,1,0,1,geojson,True
04000,Cabecera Calle 80,Portal 80,4.70982949,-74.11050627,TZ005,1,1,0.0,281.77,0.0,1,0,1,geojson,True
04001,Quirigua,Quirigua,4.70672525,-74.10873932,TZ005,4,1,183.0,45.75,4.0,1,1,1,geojson,True
04002,Carrera 90,Carrera 90,4.70466646,-74.10457027,TZ005,4,2,568.6,142.15,4.0,1,1,1,geojson,True
04003,Avenida Ciudad de Cali,AV. Cali,4.70248285,-74.10028965000001,TZ005,2,2,568.6,142.15,4.0,1,1,1,geojson,True
04100,Carrera 77,Granja - Kr 77,4.69915096,-74.09601773,TZ005,2,4,1540.0,385.0,4.0,2,1,1,geojson,True
04101,Minuto de Dios,Minuto de Dios,4.6968816,-74.09193285,TZ005,4,2,576.0,144.0,4.0,1,1,1,geojson,True
04102,Avenida Boyaca,AV. Boyacá,4.69393268,-74.08713194,TZ005,4,2,672.6,168.15,4.0,1,1,1,geojson,True
04103,Las Ferias,Ferias,4.69088593,-74.08460127,TZ005,4,1,183.0,45.75,4.0,1,1,1,geojson,True
04104,Avenida 68,AV. 68,4.68610088,-74.08076895999999,TZ005,4,2,576.0,144.0,4.0,1,1,1,geojson,True
04105,Carrera 53,Carrera 53,4.68180475,-74.07742142,TZ005,4,1,183.0,45.75,4.0,1,1,1,geojson,True
04106,Carrera 47,Carrera 47,4.67775575,-74.07325476,TZ005,4,2,620.0,155.0,4.0,1,0,1,geojson,True
04107,Escuela Militar,Escuela Militar,4.67553501,-74.06980215,TZ005,4,2,488.0,122.0,4.0,1,1,1,geojson,True
04108,El Polo,Polo - FINCOMERCIO,4.67016265,-74.06433866,TZ005,4,3,880.0,220.0,4.0,1,1,1,geojson,True
05000,Portal Américas,Portal Américas,4.62938131,-74.17305846000001,TZ009,1,1,0.0,369.54,0.0,1,0,1,geojson,True
05001,Patio Bonito,Patio Bonito,4.63318028,-74.16461426999999,TZ009,4,4,896.4,199.2,4.5,2,0,1,geojson,True
05002,Tintal,Biblioteca Tintal,4.63790778,-74.15935249,TZ009,4,2,896.4,199.2,4.5,2,0,1,geojson,True
05005,Transversal 86,Transversal 86,4.63419465,-74.15206784,TZ009,4,2,347.13,115.71,3.0,1,1,1,geojson,True
05100,Banderas P. Central,Banderas,4.63129454,-74.14576996000001,TZ009,2,4,0.0,536.19,0.0,2,2,1,geojson,True
05101,Mandalay - Cr.73,Mandalay,4.63086366,-74.14129817,TZ009,4,2,347.115,115.705,3.0,1,1,1,geojson,True
05102,Av. Américas - Av. Boyacá,AV. Américas - AV. Boyacá,4.6301178,-74.13422457,TZ009,4,2,347.145,115.715,3.0,1,1,1,geojson,True
05103,Marsella,Marsella,4.62967723,-74.13016385,TZ009,4,3,521.145,173.715,3.0,1,1,1,geojson,True
05105,Pradera,Pradera - Plaza Central,4.62850646,-74.11867713,TZ009,4,2,268.83,89.61,3.0,1,1,1,geojson,True
05107,Américas - Cr.53,Distrito Grafiti,4.62785005,-74.11158411000001,TZ009,4,2,347.145,115.715,3.0,1,1,1,geojson,True
06000,Portal Eldorado,Portal El Dorado – C.C. Nuestro Bogotá,4.68162203,-74.12139802,TZ016,1,1,0.0,706.41,0.0,1,1,1,geojson,True
06001,Modelia,Modelia,4.67502466,-74.1171471,TZ016,4,2,288.87,96.29,3.0,1,1,1,geojson,True
06002,Normandía,Normandía,4.66900868,-74.11328003000001,TZ016,4,2,318.09,106.03,3.0,1,1,1,geojson,True
06100,Av. Rojas,Avenida Rojas - UNISALESIANA,4.66194444,-74.108772,TZ016,4,3,531.51,177.17,3.0,1,1,1,geojson,True
06101,El Tiempo,El Tiempo – Cámara de Comercio de Bogotá,4.65706705,-74.10564666,TZ016,4,2,289.44,96.48,3.0,1,1,1,geojson,True
06102,Salitre El Greco,Salitre - El Greco,4.65086482,-74.10164882000001,TZ016,4,2,289.44,96.48,3.0,1,1,1,geojson,True
06103,CAN,CAN,4.64687639,-74.09904645,TZ016,4,2,289.44,96.48,3.0,1,1,1,geojson,True
06104,Gobernación,Gobernación,4.64283002,-74.09653771,TZ016,4,2,289.47,96.49,3.0,1,1,1,geojson,True
06105,Quinta Paredes,Quinta Paredes,4.63750353,-74.09313226,TZ016,4,2,289.47,96.49,3.0,1,1,1,geojson,True
06106,Recinto Ferial,Corferias,4.63430649,-74.08970085,TZ016,4,2,424.28,106.07,4.0,1,0,1,geojson,True
06107,Ciudad Universitaria,Ciudad Universitaria - Lotería de Bogotá,4.63087543,-74.08352723,TZ016,4,2,522.68,130.67,4.0,2,1,1,geojson,True
06108,Concejo de Bogotá,Concejo de Bogotá,4.62598737,-74.08028966,TZ016,4,2,491.52,122.88,4.0,1,0,1,geojson,True
06109,Centro Memoria,Centro Memoria,4.62046499,-74.07632059000001,TZ016,4,2,520.04,130.01,4.0,2,0,1,geojson,True
06111,Universidades,Universidades – CityU,4.60464623,-74.06731585,TZ016,3,2,491.4,122.85,4.0,2,0,1,geojson,True
07000,Portal Sur,Portal Sur - JFK Coop. Financiera,4.59693995,-74.16929784,TZ010,1,1,0.0,416.61,0.0,2,2,1,geojson,True
07001,PERDOMO,Perdomo,4.59578778,-74.16496973000001,TZ010,4,2,396.96,99.24,4.0,1,1,1,geojson,True
07002,MADELENA,CC Paseo Villa del Río - Madelena,4.59628094,-74.15688105000001,TZ010,4,2,357.0,89.25,4.0,1,1,1,geojson,True
07003,SEVILLANA,Sevillana,4.59510726,-74.14741029000001,TZ010,4,2,397.12,99.28,4.0,1,1,1,geojson,True
07004,VENECIA,Venecia,4.59556283,-74.14264921,TZ010,4,2,423.72,105.93,4.0,1,1,1,geojson,True
07005,ALQUERIA,Alquería,4.59426993,-74.13426993,TZ010,4,2,357.0,89.25,4.0,1,1,1,geojson,True
07006,General Santander,General Santander,4.59355114,-74.12954496,TZ010,2,3,0.0,122.8,0.0,1,1,1,geojson,True
07007,NQS - Calle 38A Sur,Cl38A sur - CENTRO MAYOR,4.59380944,-74.12375508,TZ010,4,2,615.8,153.95,4.0,1,1,1,geojson,True
07008,NQS - Calle 30 Sur,NQS - Calle 30 S,4.59479847,-74.11788075,TZ010,4,2,358.48,89.62,4.0,1,0,1,geojson,True
07009,SENA,SENA,4.59737051,-74.11064255000001,TZ010,4,2,400.04,100.01,4.0,1,1,1,geojson,True
07101,CASTELLANA,La Castellana,4.67561116,-74.06444317,TZ008,4,4,657.2,164.3,4.0,1,1,1,geojson,True
07102,NQS - CALLE 75,Calle 75 - Zona M,4.67015101,-74.07130491999999,TZ008,4,2,463.24,115.81,4.0,1,1,1,geojson,True
07103,AV. CHILE,AV. Chile,4.66635264,-74.07457455,TZ008,4,3,694.56,173.64,4.0,2,2,1,geojson,True
07104,Simon Bolivar,7 de Agosto,4.65729528,-74.07768646000001,TZ008,4,2,492.92,123.23,4.0,1,1,1,geojson,True
07105,MOVISTAR ARENA,Movistar Arena,4.65003985,-74.07836246,TZ008,4,2,491.28,122.82,4.0,1,1,1,geojson,True
07106,EL CAMPIN,Campín - UAN,4.64539756,-74.07871009,TZ008,4,2,491.28,122.82,4.0,2,2,1,geojson,True
07107,U. NACIONAL,Universidad Nacional,4.63712105,-74.07932618000001,TZ008,4,3,833.59966667,188.03,4.43333333,2,2,1,geojson,True
07108,Av. El Dorado,AV. ElDorado,4.63066841,-74.07987857,TZ008,4,2,192.4,48.1,4.0,1,1,1,geojson,True
07109,CAD,CAD,4.62341573,-74.08418121000001,TZ008,4,2,520.28,130.07,4.0,2,2,1,geojson,True
07110,PALOQUEMAO,Paloquemao,4.61692188,-74.08955344,TZ008,4,2,491.4,122.85,4.0,1,1,1,geojson,True
07112,COMUNEROS,Comuneros,4.60424998,-74.09986137,TZ010,4,2,520.64,130.16,4.0,2,1,1,geojson,True
07113,SANTA ISABEL,Santa Isabel,4.60167503,-74.10261755,TZ010,4,2,357.04,89.26,4.0,1,0,1,geojson,True
07200,Tygua-San José,Tygua - San José,4.5997872,-74.08876139,TZ007,4,2,486.68,121.67,4.0,2,0,1,geojson,True
07201,Guatoque -Veraguas,Guatoque - Veraguas,4.60417101,-74.09493313,TZ007,4,2,415.2,103.8,4.0,1,0,1,geojson,True
07503,SAN MATEO,San Mateo - CC Unisur,4.58596064,-74.20544974,TZ011,2,3,492.8,123.2,4.0,3,3,1,geojson,True
07504,TERREROS,Terreros - Hospital Cardio Vascular,4.5889627,-74.19952261,TZ011,4,3,358.0,89.5,4.0,1,1,1,geojson,True
07505,LEON XIII,León XIII,4.59217281,-74.19313531,TZ011,4,2,358.0,89.5,4.0,1,1,1,geojson,True
07506,DESPENSA,La Despensa,4.59459382,-74.18811218,TZ011,4,2,358.0,89.5,4.0,1,1,1,geojson,True
08000,Portal Tunal,Portal Tunal,4.56957146,-74.1392402,TZ014,1,1,0.0,323.17,0.0,2,0,1,geojson,True
08001,Parque el Tunal,Parque,4.56832656,-74.13541451,TZ014,4,1,0.0,45.66,0.0,2,0,1,geojson,True
08002,Biblioteca,Biblioteca,4.57030352,-74.13038868000001,TZ014,4,1,0.0,45.68,0.0,1,0,1,geojson,True
09000,Cabecera Usme,Portal Usme,4.53171458,-74.11939099,TZ013,1,1,0.0,402.9,0.0,1,0,1,geojson,True
09001,Molinos,Molinos,4.55706456,-74.12182779,TZ012,2,2,432.48,108.12,4.0,2,1,1,geojson,True
09002,Consuelo,Consuelo,4.5602273,-74.12387433,TZ012,4,2,326.28,81.57,4.0,1,0,1,geojson,True
09003,Socorro,Socorro,4.56465328,-74.12558394,TZ012,4,2,329.6,82.4,4.0,1,0,1,geojson,True
09004,Santa Lucía,Santa Lucía,4.57096848,-74.12470872,TZ012,4,2,486.24,121.56,4.0,2,0,1,geojson,True
09100,Calle 40 Sur,Calle 40 Sur,4.57579415,-74.12007924000001,TZ012,2,3,719.68,179.92,4.0,2,0,1,geojson,True
09101,Quiroga,Quiroga,4.57680973,-74.11438051,TZ012,4,2,345.4,86.35,4.0,1,0,1,geojson,True
09103,Olaya,Olaya,4.57891519,-74.10736381999999,TZ012,4,3,307.28,76.82,4.0,1,0,1,geojson,True
09104,Restrepo,Restrepo,4.58184906,-74.10142878,TZ012,4,2,480.68,120.17,4.0,2,0,1,geojson,True
09105,Río Fucha,Fucha,4.58297258,-74.09940175,TZ012,4,2,320.16,80.04,4.0,1,0,1,geojson,True
09106,Nariño,Nariño,4.58628471,-74.09392542,TZ012,4,2,353.96,88.49,4.0,1,0,1,geojson,True
09107,Hortúa,Hortúa,4.59084725,-74.090246,TZ012,4,2,401.8,100.45,4.0,2,0,1,geojson,True
09108,Hospital,Hospital,4.59505052,-74.08622629,TZ012,4,2,369.48,92.37,4.0,2,0,1,geojson,True
09109,Tercer Milenio,Tercer Milenio,4.59813501,-74.08383625,TZ001,4,3,644.0,184.0,3.5,2,0,1,geojson,True
09110,Avenida Jimenez,Temporal AV. Jiménez - Inter Eléctricas,4.60286688,-74.08040995,TZ001,3,3,631.155,180.33,3.5,2,0,1,geojson,True
09111,Calle 19,Calle 19,4.60786462,-74.07686968,TZ001,4,3,638.715,182.49,3.5,2,0,1,geojson,True
09113,Calle 22,Temporal Calle 22,4.61001988,-74.07554139000001,TZ001,4,3,642.95,183.7,3.5,2,0,1,geojson,True
09114,Calle 26,Calle 26 - Atrio,4.61665155,-74.07215846000001,TZ001,4,3,638.82,182.52,3.5,2,0,1,geojson,True
09115,Calle 34,Temporal Calle 34,4.62157551,-74.06971918,TZ001,4,2,526.4,150.4,3.5,2,0,1,geojson,True
09116,Avenida 39,Temporal AV. 39,4.62689718,-74.06869679,TZ001,4,3,644.0,184.0,3.5,2,0,1,geojson,True
09117,Calle 45,Calle 45 - American School Way,4.63145241,-74.06787872000001,TZ001,4,3,638.89,182.54,3.5,2,0,1,geojson,True
09118,Marly,Temporal Marly,4.63755905,-74.06678795,TZ001,4,3,594.44,176.19,3.5,2,0,1,geojson,True
09119,Calle 57,Temporal Calle 57,4.64298162,-74.06582825999999,TZ001,4,2,526.365,150.39,3.5,2,0,1,geojson,True
09120,Calle 63,Calle 63,4.64840397,-74.06487053000001,TZ001,4,3,656.6,187.6,3.5,2,0,1,geojson,True
09121,Las Flores,Temporal Flores – Areandina,4.65490299,-74.06300913,TZ001,4,2,384.125,109.75,3.5,2,0,1,geojson,True
09122,Calle 72,Calle 72 - Areandina,4.65823755,-74.06206786,TZ001,4,3,1915.0,383.0,5.0,2,0,1,geojson,True
09123,Calle 76,Calle 76 - San Felipe,4.66302945,-74.06126126,TZ001,4,3,637.875,182.25,3.5,2,0,1,geojson,True
10000,Portal 20 de Julio,Portal 20 de Julio,4.56571812,-74.09700841,TZ018,1,1,0.0,489.11,0.0,1,0,1,geojson,True
10001,Country Sur,Country Sur,4.57141673,-74.09863413000001,TZ018,4,2,461.24,115.31,4.0,2,0,1,geojson,True
10002,Av. Primero de Mayo,AV. 1 Mayo,4.57693931,-74.0937094,TZ018,2,3,869.28,217.32,4.0,2,0,1,geojson,True
10003,Ciudad Jardín,Ciudad Jardín - UAN,4.58154254,-74.0903516,TZ018,4,2,433.12,108.28,4.0,1,0,1,geojson,True
10004,Policarpa,Policarpa,4.58611582,-74.08701654000001,TZ018,4,2,494.72,123.68,4.0,2,0,1,geojson,True
10005,Bicentenario,Bicentenario,4.59402077,-74.08183542,TZ018,2,3,733.04,183.26,4.0,1,1,1,geojson,True
10006,San Victorino,San Victorino,4.60102943,-74.07742242,TZ018,4,3,791.2,197.8,4.0,2,0,1,geojson,True
10007,Las Nieves,Las Nieves,4.60606534,-74.07432675,TZ018,4,2,520.4,130.1,4.0,2,0,1,geojson,True
10008,San Diego,San Diego,4.61089909,-74.07150007,TZ018,4,2,1392.36,348.09,4.0,2,0,1,geojson,True
10009,Museo Nacional,Museo Nacional,4.6152449,-74.06921969,TZ019,4,2,0.0,123.83,0.0,1,0,1,geojson,True
10010,San Bernardo,San Bernardo,4.59019556,-74.08432732,TZ018,4,2,462.84,115.71,4.0,2,0,1,geojson,True
12000,Puente Aranda,Puente Aranda,4.62566974,-74.10463943,TZ009,4,2,356.8,89.2,4.0,1,0,1,geojson,True
12001,Carrera 43,Carrera 43 - Comapan,4.62278154,-74.10143788,TZ009,4,2,385.8,96.45,4.0,2,0,1,geojson,True
12002,CDS - Carrera 32,CDS - Carrera 32,4.61613616,-74.09394954000001,TZ009,4,2,385.72,96.43,4.0,2,0,1,geojson,True
12003,Ricaurte,Ricaurte - CL 13,4.61301798,-74.0904765,TZ009,3,6,736.8,184.2,4.0,2,0,1,geojson,True
12004,Carrera 22,San Facon Carrera 22,4.60973521,-74.08679478,TZ009,4,2,520.64,130.16,4.0,2,0,1,geojson,True
12007,Zona Industrial,Zona Industrial,4.62032526,-74.09868611,TZ009,4,2,385.16,96.29,4.0,2,0,1,geojson,True
14001,La Sabana,De La Sabana,4.6054211,-74.08189427,TZ009,4,2,385.88,96.47,4.0,2,0,1,geojson,True
14004,Museo del Oro,Museo del Oro,4.60115298,-74.07290843,TZ015,4,1,0.0,55.63,0.0,2,0,1,geojson,True
14005,Las Aguas,Las Aguas - Centro Colombo Americano,4.60257976,-74.06840144,TZ015,3,1,0.0,61.73,0.0,3,0,1,geojson,True
07010,Bosa,Bosa,4.59688795,-74.181225,TZ010,4,2,504.32,126.08,4.0,2,2,1,geojson,True
40000,Cable Portal Tunal,,4.57095,-74.1396,,,,,,,,,,coords_only_access_db,False
40001,Juan Pablo II,,4.555476,-74.147523,,,,,,,,,,coords_only_access_db,False
40002,Manitas,,4.550445,-74.150598,,,,,,,,,,coords_only_access_db,False
40003,Mirador del Paraiso,,4.550019,-74.159009,,,,,,,,,,coords_only_access_db,False
